id,name,age,salary,department
1,Alice,30,75000,Engineering
2,Bob,25,55000,Marketing
3,Charlie,35,90000,Engineering
1,Alice,30,75000,Engineering
4,Diana,28,62000,Sales
2,Bob,25,55000,Marketing
5,Eve,32,85000,Engineering
3,Charlie,35,90000,Engineering
6,Frank,45,120000,Management
1,Alice,30,75000,Engineering
7,Grace,27,58000,Marketing
4,Diana,28,62000,Sales
8,Hank,40,95000,Sales
2,Bob,25,55000,Marketing
9,Ivy,33,78000,Engineering
5,Eve,32,85000,Engineering
10,Jack,29,60000,Marketing
